Iteration,Random Seed,Autocorrlation,Moran I,Filter Method,Number of H0 Points,TL,AL,TML,AML,Value
0,684,none,-0.11846525650919462,up,49,25.877539856019666,0.5281130582861157,12.938769928009833,0.2640565291430578,24.998662023101325
0,684,none,-0.11846525650919462,down,49,18.66208954293571,0.38085897026399407,9.331044771467855,0.19042948513199703,24.99866202310132
0,684,positive,0.6522546416811671,up,49,25.049958834082126,0.5112236496751454,12.524979417041063,0.2556118248375727,24.998662023101325
0,684,positive,0.6522546416811671,down,49,24.666336893622656,0.503394630482095,12.333168446811328,0.2516973152410475,24.998662023101325
0,684,negative,-0.8298940977308739,up,49,25.019022251358006,0.5105922908440409,12.509511125679003,0.25529614542202045,24.084739481147547
0,684,negative,-0.8298940977308739,down,49,15.258478315602066,0.3113975166449401,7.629239157801033,0.15569875832247004,24.084739481147547
1,559,none,0.0164397007234656,up,49,26.64856774724463,0.5438483213723394,13.324283873622315,0.2719241606861697,25.704271405782826
1,559,none,0.0164397007234656,down,49,20.45055583832554,0.4173582824148069,10.22527791916277,0.20867914120740344,25.704271405782823
1,559,positive,0.8947988575091675,up,49,25.858567485386025,0.5277258670486944,12.929283742693013,0.2638629335243472,25.704271405782826
1,559,positive,0.8947988575091675,down,49,24.9003875978009,0.5081711754653245,12.45019379890045,0.25408558773266227,25.704271405782826
1,559,negative,-0.8719782139220809,up,49,25.618161899246928,0.5228196305968761,12.809080949623464,0.26140981529843804,24.698009201574287
1,559,negative,-0.8719782139220809,down,49,15.97940446314749,0.3261102951662753,7.989702231573745,0.16305514758313766,24.69800920157429
2,629,none,0.09109248607771214,up,49,24.99671593454632,0.5101370598887004,12.49835796727316,0.2550685299443502,23.91646036163586
2,629,none,0.09109248607771214,down,49,16.81548310877868,0.3431731246689526,8.40774155438934,0.1715865623344763,23.91646036163586
2,629,positive,0.8400122977392322,up,49,24.070010987236202,0.4912247140252286,12.035005493618101,0.2456123570126143,23.91646036163586
2,629,positive,0.8400122977392322,down,49,23.0698262600186,0.47081278081670613,11.5349131300093,0.23540639040835307,23.916460361635863
2,629,negative,-0.7522031358886405,up,49,25.198447235822027,0.5142540252208577,12.599223617911013,0.25712701261042886,24.285135815309182
2,629,negative,-0.7522031358886405,down,49,16.086915650782878,0.32830440103638525,8.043457825391439,0.16415220051819263,24.285135815309182
3,192,none,0.09465935310510461,up,49,25.063763347720418,0.5115053744432738,12.531881673860209,0.2557526872216369,23.987202894791388
3,192,none,0.09465935310510461,down,49,16.21202546587926,0.33085766256896454,8.10601273293963,0.16542883128448227,23.987202894791388
3,192,positive,0.8275246592172509,up,49,24.21033401135911,0.4940884492114104,12.105167005679554,0.2470442246057052,23.98720289479139
3,192,positive,0.8275246592172509,down,49,23.01320755966257,0.46965729713597076,11.506603779831284,0.23482864856798538,23.98720289479139
3,192,negative,-0.837296850888468,up,49,25.94383823029081,0.5294660863324655,12.971919115145406,0.26473304316623275,24.868350878159657
3,192,negative,-0.837296850888468,down,49,15.661575753754722,0.31962399497458616,7.830787876877361,0.15981199748729308,24.868350878159657
4,835,none,-0.15006210526721384,up,49,26.396202267526956,0.5386980054597338,13.198101133763478,0.2693490027298669,25.171337788039043
4,835,none,-0.15006210526721384,down,49,17.241210629021584,0.35186144140860376,8.620605314510792,0.17593072070430188,25.17133778803904
4,835,positive,0.8734326472987072,up,49,25.29247212158007,0.5161729004404095,12.646236060790034,0.25808645022020477,25.171337788039043
4,835,positive,0.8734326472987072,down,49,24.561605209277246,0.5012572491689234,12.280802604638623,0.2506286245844617,25.17133778803904
4,835,negative,-0.8497914140020016,up,49,24.75497956735717,0.5052036646399423,12.377489783678586,0.25260183231997113,24.11749594015504
4,835,negative,-0.8497914140020016,down,49,16.253753231338532,0.3317092496191537,8.126876615669266,0.16585462480957686,24.11749594015504
5,763,none,0.03237715206601046,up,49,27.61836291808501,0.5636400595527553,13.809181459042504,0.28182002977637766,26.246800242499
5,763,none,0.03237715206601046,down,49,16.81433465955796,0.3431496869297543,8.40716732977898,0.17157484346487714,26.246800242499003
5,763,positive,0.8250408491678209,up,49,26.427536535085135,0.5393374803078599,13.213768267542568,0.26966874015392994,26.246800242499006
5,763,positive,0.8250408491678209,down,49,25.48645086186357,0.5201316502421137,12.743225430931785,0.26006582512105686,26.246800242499003
5,763,negative,-0.7799103950263594,up,49,24.754855110822536,0.505201124710664,12.377427555411268,0.252600562355332,24.0370799353658
5,763,negative,-0.7799103950263594,down,49,15.46608884912836,0.31563446630874203,7.73304442456418,0.15781723315437102,24.037079935365792
6,707,none,-0.16766884608651192,up,49,24.525072972846168,0.5005116933233912,12.262536486423084,0.2502558466616956,23.085156720379448
6,707,none,-0.16766884608651192,down,49,15.003051262476363,0.30618471964237476,7.501525631238182,0.15309235982118738,23.085156720379448
6,707,positive,0.8047906764398559,up,49,23.175792888130214,0.47297536506388194,11.587896444065107,0.23648768253194097,23.08515672037945
6,707,positive,0.8047906764398559,down,49,22.571190000239664,0.460636530617136,11.285595000119832,0.230318265308568,23.085156720379455
6,707,negative,-0.8506875509004164,up,49,25.666420317078664,0.5238044962669115,12.833210158539332,0.26190224813345575,24.863068055624346
6,707,negative,-0.8506875509004164,down,49,15.140592799238107,0.3089916897803695,7.570296399619053,0.15449584489018475,24.863068055624346
7,359,none,-0.046108517122611596,up,49,26.52727751770267,0.5413730105653607,13.263638758851336,0.27068650528268035,25.392215436321653
7,359,none,-0.046108517122611596,down,49,17.02377878922064,0.3474240569228702,8.51188939461032,0.1737120284614351,25.392215436321656
7,359,positive,0.8496946499475903,up,49,25.529820916622864,0.5210167534004666,12.764910458311432,0.2605083767002333,25.392215436321653
7,359,positive,0.8496946499475903,down,49,24.47605361733762,0.49951129831301266,12.23802680866881,0.24975564915650633,25.392215436321653
7,359,negative,-0.8312661295510816,up,49,25.56067393669021,0.5216464068712288,12.780336968345106,0.2608232034356144,24.88096625232826
7,359,negative,-0.8312661295510816,down,49,16.26117865327453,0.3318607888423374,8.130589326637265,0.1659303944211687,24.880966252328264
8,9,none,-0.011786263325222835,up,49,26.696601162783193,0.5448285951588406,13.348300581391596,0.2724142975794203,25.140644319437296
8,9,none,-0.011786263325222835,down,49,16.716758295952438,0.3411583325704579,8.358379147976219,0.17057916628522896,25.140644319437293
8,9,positive,0.7172848597460003,up,49,25.26267440502952,0.5155647837761127,12.63133720251476,0.25778239188805635,25.140644319437296
8,9,positive,0.7172848597460003,down,49,24.585497123816836,0.5017448392615681,12.292748561908418,0.25087241963078405,25.140644319437296
8,9,negative,-0.7825635861726215,up,49,25.196893264747885,0.514222311525467,12.598446632373943,0.2571111557627335,24.168782699141737
8,9,negative,-0.7825635861726215,down,49,16.020222610269133,0.3269433185769211,8.010111305134567,0.16347165928846055,24.168782699141733
9,723,none,-0.12474283227735904,up,49,26.569911031401784,0.5422430822735058,13.284955515700892,0.2711215411367529,25.343248254077697
9,723,none,-0.12474283227735904,down,49,18.681516072101196,0.38125543004288154,9.340758036050598,0.19062771502144077,25.3432482540777
9,723,positive,0.8100753832546257,up,49,25.45970776164044,0.5195858726865397,12.72985388082022,0.25979293634326983,25.343248254077697
9,723,positive,0.8100753832546257,down,49,24.787505404248677,0.5058674572295648,12.393752702124338,0.2529337286147824,25.343248254077704
9,723,negative,-0.883633846507499,up,49,24.77214156779524,0.5055539095468417,12.38607078389762,0.2527769547734208,24.09041469115154
9,723,negative,-0.883633846507499,down,49,14.988270606840617,0.3058830736089922,7.494135303420308,0.1529415368044961,24.09041469115154
10,277,none,-0.17591613952794288,up,49,26.250739236011835,0.5357293721635068,13.125369618005918,0.2678646860817534,24.367738302082675
10,277,none,-0.17591613952794288,down,49,15.203714693429177,0.31027989170263626,7.6018573467145885,0.15513994585131813,24.367738302082675
10,277,positive,0.7641814844436964,up,49,24.498927097011514,0.49997810402064313,12.249463548505757,0.24998905201032157,24.367738302082678
10,277,positive,0.7641814844436964,down,49,23.73489950848024,0.4843857042546988,11.86744975424012,0.2421928521273494,24.367738302082678
10,277,negative,-0.8734047197983478,up,49,25.795060371427418,0.5264298034985188,12.897530185713709,0.2632149017492594,25.107241993185028
10,277,negative,-0.8734047197983478,down,49,15.786608937474673,0.32217569260152396,7.893304468737337,0.16108784630076198,25.107241993185028
11,754,none,-0.20740760761513038,up,49,27.726817460713306,0.5658534175655777,13.863408730356653,0.28292670878278886,26.261795663070842
11,754,none,-0.20740760761513038,down,49,17.407355595500587,0.35525215501021606,8.703677797750293,0.17762607750510803,26.261795663070842
11,754,positive,0.7449032368918063,up,49,26.37500974277539,0.5382655049545998,13.187504871387695,0.2691327524772999,26.261795663070842
11,754,positive,0.7449032368918063,down,49,25.695239150658495,0.5243926357277244,12.847619575329247,0.2621963178638622,26.26179566307084
11,754,negative,-0.825001898897985,up,49,26.374264370495343,0.5382502932754152,13.187132185247672,0.2691251466377076,25.540614579844217
11,754,negative,-0.825001898897985,down,49,17.525175801756856,0.357656649015446,8.762587900878428,0.178828324507723,25.540614579844224
12,804,none,-0.058045418655255095,up,49,25.705095859967827,0.5245937930605679,12.852547929983913,0.26229689653028393,24.462951999673738
12,804,none,-0.058045418655255095,down,49,17.72772472821342,0.3617903005757841,8.86386236410671,0.18089515028789205,24.46295199967374
12,804,positive,0.7891292452488834,up,49,24.618953074987463,0.5024276137752544,12.309476537493731,0.2512138068876272,24.462951999673745
12,804,positive,0.7891292452488834,down,49,23.805332222353837,0.48582310657864974,11.902666111176918,0.24291155328932487,24.46295199967374
12,804,negative,-0.7634016972016484,up,49,26.654614754692638,0.5439717296876049,13.327307377346319,0.27198586484380244,25.765868161727095
12,804,negative,-0.7634016972016484,down,49,16.618800013116086,0.33915918394114464,8.309400006558043,0.16957959197057232,25.7658681617271
13,599,none,-0.18482619121121785,up,49,25.806429420979736,0.5266618249179538,12.903214710489868,0.2633309124589769,24.427670109218
13,599,none,-0.18482619121121785,down,49,16.348716514034226,0.33364727579661685,8.174358257017113,0.16682363789830842,24.427670109218
13,599,positive,0.7148094466213076,up,49,24.608145745811694,0.5022070560369734,12.304072872905847,0.2511035280184867,24.427670109218
13,599,positive,0.7148094466213076,down,49,23.552836355529685,0.4806701297046874,11.776418177764842,0.2403350648523437,24.427670109218
13,599,negative,-0.8305065341439581,up,49,24.986001881476472,0.5099184057444178,12.493000940738236,0.2549592028722089,24.10052203383954
13,599,negative,-0.8305065341439581,down,49,14.968797379177694,0.30548566079954476,7.484398689588847,0.15274283039977238,24.10052203383954
14,70,none,-0.028766243390986993,up,49,24.66064320031091,0.5032784326594063,12.330321600155456,0.25163921632970315,23.03009164032604
14,70,none,-0.028766243390986993,down,49,15.233309231917495,0.31088386187586725,7.616654615958748,0.15544193093793363,23.030091640326045
14,70,positive,0.82564989944194,up,49,23.16764590217133,0.47280910004431287,11.583822951085665,0.23640455002215643,23.030091640326045
14,70,positive,0.82564989944194,down,49,22.435858511415464,0.45787466349827477,11.217929255707732,0.22893733174913738,23.030091640326045
14,70,negative,-0.7957406370819263,up,49,25.75618187768632,0.5256363648507412,12.87809093884316,0.2628181824253706,24.77661409654721
14,70,negative,-0.7957406370819263,down,49,15.653812756065095,0.31946556645030805,7.826906378032548,0.15973278322515402,24.77661409654721
15,472,none,0.050080887025907024,up,49,25.140218958109298,0.5130656930226387,12.570109479054649,0.25653284651131936,24.112733590400158
15,472,none,0.050080887025907024,down,49,17.060400665218847,0.34817144214732343,8.530200332609423,0.17408572107366171,24.112733590400158
15,472,positive,0.8651082086618108,up,49,24.23855538509081,0.49466439561409814,12.119277692545404,0.24733219780704907,24.11273359040016
15,472,positive,0.8651082086618108,down,49,23.2716045695258,0.4749307055005265,11.6358022847629,0.23746535275026326,24.112733590400158
15,472,negative,-0.8392904083681412,up,49,25.982147087494,0.5302478997447755,12.991073543747,0.26512394987238774,25.179157226179875
15,472,negative,-0.8392904083681412,down,49,16.943240495194555,0.34578041826927663,8.471620247597277,0.17289020913463832,25.17915722617988
16,600,none,-0.15655541856417723,up,49,25.268094571229177,0.5156753994128404,12.634047285614589,0.2578376997064202,23.722509052732317
16,600,none,-0.15655541856417723,down,49,15.396867115937711,0.3142217778762798,7.698433557968856,0.1571108889381399,23.72250905273232
16,600,positive,0.7951299591377261,up,49,23.86483259722966,0.48703739994346246,11.93241629861483,0.24351869997173123,23.72250905273232
16,600,positive,0.7951299591377261,down,49,23.158641756549155,0.4726253419703909,11.579320878274578,0.23631267098519546,23.722509052732324
16,600,negative,-0.8306946631382516,up,49,24.84850411521046,0.5071123288818461,12.42425205760523,0.25355616444092305,24.012985075736218
16,600,negative,-0.8306946631382516,down,49,15.31437287540154,0.31253822194697023,7.65718643770077,0.15626911097348511,24.012985075736218
17,396,none,0.2160007695002029,up,49,26.481102322963217,0.5404306596523105,13.240551161481608,0.27021532982615526,25.39517507294652
17,396,none,0.2160007695002029,down,49,18.546701483190894,0.37850411190185496,9.273350741595447,0.18925205595092748,25.395175072946525
17,396,positive,0.8861089863780371,up,49,25.583939583713303,0.5221212159941491,12.791969791856651,0.26106060799707453,25.395175072946525
17,396,positive,0.8861089863780371,down,49,24.11276318595014,0.4920972078765335,12.05638159297507,0.24604860393826675,25.395175072946525
17,396,negative,-0.6929977668443508,up,49,25.73619871984606,0.5252285453029808,12.86809935992303,0.2626142726514904,25.07176641253336
17,396,negative,-0.6929977668443508,down,49,16.98617779374376,0.34665668966824,8.49308889687188,0.17332834483412,25.071766412533357
18,314,none,0.07917766786319075,up,49,25.803674137484023,0.5266055946425311,12.901837068742012,0.26330279732126555,24.788472222747206
18,314,none,0.07917766786319075,down,49,17.99186732487539,0.36718096581378346,8.995933662437695,0.18359048290689173,24.788472222747206
18,314,positive,0.8456154446501046,up,49,24.851144435877508,0.507166212977092,12.425572217938754,0.253583106488546,24.78847222274721
18,314,positive,0.8456154446501046,down,49,24.3132090535099,0.496187939867549,12.15660452675495,0.2480939699337745,24.788472222747206
18,314,negative,-0.8450438010607517,up,49,24.955459388165547,0.509295089554399,12.477729694082774,0.2546475447771995,24.36929366993221
18,314,negative,-0.8450438010607517,down,49,16.6178568894638,0.33913993651966934,8.3089284447319,0.16956996825983467,24.36929366993221
19,705,none,-0.12422537847234393,up,49,25.042236960695156,0.5110660604223501,12.521118480347578,0.25553303021117507,23.818791519144376
19,705,none,-0.12422537847234393,down,49,16.422652574325806,0.33515617498624095,8.211326287162903,0.16757808749312048,23.818791519144376
19,705,positive,0.9076694197637553,up,49,23.946365842322415,0.4887013437208656,11.973182921161207,0.2443506718604328,23.81879151914438
19,705,positive,0.9076694197637553,down,49,23.19637854352901,0.47339548048018393,11.598189271764506,0.23669774024009196,23.81879151914438
19,705,negative,-0.7222076882460438,up,49,25.76730454794359,0.5258633581212977,12.883652273971794,0.26293167906064885,24.986329709477705
19,705,negative,-0.7222076882460438,down,49,16.624000451142894,0.3392653153294468,8.312000225571447,0.1696326576647234,24.986329709477708
20,486,none,-0.19291995890731028,up,49,26.048683695715823,0.5316057897084862,13.024341847857912,0.2658028948542431,24.734239574944716
20,486,none,-0.19291995890731028,down,49,17.226293535522693,0.3515570109290346,8.613146767761346,0.1757785054645173,24.734239574944713
20,486,positive,0.8926263453387854,up,49,24.852741971132442,0.5071988157373968,12.426370985566221,0.2535994078686984,24.734239574944716
20,486,positive,0.8926263453387854,down,49,23.94940942941249,0.48876345774311203,11.974704714706245,0.24438172887155601,24.734239574944716
20,486,negative,-0.7822968785216459,up,49,25.071038647630868,0.5116538499516503,12.535519323815434,0.25582692497582515,24.234051288283837
20,486,negative,-0.7822968785216459,down,49,15.331387757728747,0.3128854644434438,7.665693878864373,0.1564427322217219,24.234051288283837
21,551,none,0.04085202131438779,up,49,27.100087180679687,0.5530630036873405,13.550043590339843,0.27653150184367026,25.897816516940036
21,551,none,0.04085202131438779,down,49,17.939025500460605,0.3661025612338899,8.969512750230303,0.18305128061694495,25.89781651694004
21,551,positive,0.8802617973567676,up,49,25.986189621888144,0.5303304004466968,12.993094810944072,0.2651652002233484,25.897816516940043
21,551,positive,0.8802617973567676,down,49,25.28685155590594,0.5160581950184886,12.64342577795297,0.2580290975092443,25.897816516940043
21,551,negative,-0.780849325189213,up,49,26.30710143458848,0.5368796211140506,13.15355071729424,0.2684398105570253,25.24150275446842
21,551,negative,-0.780849325189213,down,49,16.224222796964163,0.3311065876931462,8.112111398482082,0.1655532938465731,25.241502754468417
22,87,none,-0.049429627356313156,up,49,24.569368610090862,0.5014156859202217,12.284684305045431,0.25070784296011084,23.748257698902027
22,87,none,-0.049429627356313156,down,49,17.51385843521973,0.3574256823514231,8.756929217609866,0.17871284117571154,23.74825769890203
22,87,positive,0.8815989281190955,up,49,23.85478572307404,0.48683236169538857,11.92739286153702,0.24341618084769429,23.74825769890203
22,87,positive,0.8815989281190955,down,49,23.000620880276667,0.46940042612809524,11.500310440138334,0.23470021306404762,23.748257698902037
22,87,negative,-0.7757144728037104,up,49,25.774805272247427,0.5260164341274985,12.887402636123714,0.26300821706374927,25.12111869019133
22,87,negative,-0.7757144728037104,down,49,17.96968892034192,0.3667283453131004,8.98484446017096,0.1833641726565502,25.12111869019133
23,174,none,0.06607404587896142,up,49,24.166312981555098,0.4931900608480632,12.083156490777549,0.2465950304240316,23.329776950677374
23,174,none,0.06607404587896142,down,49,17.510219693149548,0.35735142230917444,8.755109846574774,0.17867571115458722,23.329776950677378
23,174,positive,0.7073881908886545,up,49,23.417206345309317,0.47790217031243504,11.708603172654659,0.23895108515621752,23.329776950677374
23,174,positive,0.7073881908886545,down,49,22.658883099285134,0.4624261856996966,11.329441549642567,0.2312130928498483,23.329776950677378
23,174,negative,-0.844714409772395,up,49,25.254477242739945,0.5153974947497948,12.627238621369973,0.2576987473748974,24.585898162259568
23,174,negative,-0.844714409772395,down,49,16.020785516062585,0.3269548064502568,8.010392758031292,0.1634774032251284,24.585898162259568
24,600,none,-0.15655541856417723,up,49,25.268094571229177,0.5156753994128404,12.634047285614589,0.2578376997064202,23.722509052732317
24,600,none,-0.15655541856417723,down,49,15.396867115937711,0.3142217778762798,7.698433557968856,0.1571108889381399,23.72250905273232
24,600,positive,0.7951299591377261,up,49,23.86483259722966,0.48703739994346246,11.93241629861483,0.24351869997173123,23.72250905273232
24,600,positive,0.7951299591377261,down,49,23.158641756549155,0.4726253419703909,11.579320878274578,0.23631267098519546,23.722509052732324
24,600,negative,-0.8306946631382516,up,49,24.84850411521046,0.5071123288818461,12.42425205760523,0.25355616444092305,24.012985075736218
24,600,negative,-0.8306946631382516,down,49,15.31437287540154,0.31253822194697023,7.65718643770077,0.15626911097348511,24.012985075736218
25,849,none,-0.09221011181831755,up,49,24.128278311517438,0.4924138430921926,12.064139155758719,0.2462069215460963,22.825339582411402
25,849,none,-0.09221011181831755,down,49,15.815863589644716,0.3227727263192799,7.907931794822358,0.16138636315963995,22.8253395824114
25,849,positive,0.7628943267231313,up,49,22.984581097246004,0.4690730836172654,11.492290548623002,0.2345365418086327,22.825339582411402
25,849,positive,0.7628943267231313,down,49,21.970526562239183,0.4483780931069221,10.985263281119591,0.22418904655346106,22.825339582411402
25,849,negative,-0.7828697538343129,up,49,25.6572457747319,0.5236172607088143,12.82862288736595,0.26180863035440716,24.826575432136917
25,849,negative,-0.7828697538343129,down,49,16.05987396178122,0.3277525298322698,8.02993698089061,0.1638762649161349,24.82657543213692
26,677,none,0.10041861511998892,up,49,26.07203344321503,0.5320823151676537,13.036016721607515,0.26604115758382685,24.572065949733258
26,677,none,0.10041861511998892,down,49,16.32923361854278,0.3332496656845465,8.16461680927139,0.16662483284227325,24.57206594973326
26,677,positive,0.8129557627383023,up,49,24.764915084347393,0.505406430292804,12.382457542173697,0.252703215146402,24.572065949733258
26,677,positive,0.8129557627383023,down,49,23.657060720782383,0.4827971575669874,11.828530360391191,0.2413985787834937,24.572065949733258
26,677,negative,-0.8308140694928603,up,49,26.254764043197483,0.5358115110856629,13.127382021598741,0.26790575554283147,25.37646178405278
26,677,negative,-0.8308140694928603,down,49,15.862891901462751,0.3237324877849541,7.9314459507313755,0.16186624389247706,25.37646178405278
27,537,none,-0.019752609979305245,up,49,25.405038190200372,0.5184701671469464,12.702519095100186,0.2592350835734732,24.1091936393067
27,537,none,-0.019752609979305245,down,49,15.687711813758884,0.32015738395426296,7.843855906879442,0.16007869197713148,24.1091936393067
27,537,positive,0.8250298230667839,up,49,24.27493159944384,0.4954067673355885,12.13746579972192,0.24770338366779426,24.1091936393067
27,537,positive,0.8250298230667839,down,49,23.394360489493884,0.47743592835701804,11.697180244746942,0.23871796417850902,24.109193639306703
27,537,negative,-0.7793200083549423,up,49,25.710908003852754,0.5247124082418929,12.855454001926377,0.26235620412094646,24.680621989644564
27,537,negative,-0.7793200083549423,down,49,15.63646846943499,0.3191116014170406,7.818234234717495,0.1595558007085203,24.680621989644564
28,845,none,-0.011122955838324958,up,49,26.283064750085487,0.5363890765323569,13.141532375042743,0.26819453826617845,25.273093261267757
28,845,none,-0.011122955838324958,down,49,17.92345213143728,0.36578473737627104,8.96172606571864,0.18289236868813552,25.273093261267757
28,845,positive,0.7258812762384758,up,49,25.373869208283416,0.5178340654751717,12.686934604141708,0.2589170327375859,25.273093261267757
28,845,positive,0.7258812762384758,down,49,24.4302527260716,0.4985765862463592,12.2151263630358,0.2492882931231796,25.27309326126776
28,845,negative,-0.797383875871425,up,49,26.27471784250895,0.5362187314797745,13.137358921254474,0.26810936573988725,25.245164555445132
28,845,negative,-0.797383875871425,down,49,15.891463033777526,0.3243155721179087,7.945731516888763,0.16215778605895434,25.245164555445132
29,72,none,0.016682592583930032,up,49,25.592158875760425,0.522288956648172,12.796079437880213,0.261144478324086,24.452621804520962
29,72,none,0.016682592583930032,down,49,16.220585651172765,0.33103236022801563,8.110292825586383,0.16551618011400782,24.45262180452096
29,72,positive,0.7323632833821477,up,49,24.62625702465532,0.5025766739725576,12.31312851232766,0.2512883369862788,24.452621804520966
29,72,positive,0.7323632833821477,down,49,23.611629005749673,0.481869979709177,11.805814502874837,0.2409349898545885,24.452621804520962
29,72,negative,-0.803420194713826,up,49,25.91938073261916,0.5289669537269216,12.95969036630958,0.2644834768634608,24.94524641821178
29,72,negative,-0.803420194713826,down,49,16.080236153555614,0.3281680847664411,8.040118076777807,0.16408404238322055,24.945246418211784
30,777,none,0.1295558057013311,up,49,25.85942938778782,0.527743456893629,12.92971469389391,0.2638717284468145,24.58906011498597
30,777,none,0.1295558057013311,down,49,16.97379327252141,0.3464039443371716,8.486896636260704,0.1732019721685858,24.589060114985966
30,777,positive,0.8651813126066435,up,49,24.753733457225795,0.5051782338209346,12.376866728612898,0.2525891169104673,24.589060114985973
30,777,positive,0.8651813126066435,down,49,23.74819730580986,0.4846570878736706,11.87409865290493,0.2423285439368353,24.589060114985966
30,777,negative,-0.8542529111333045,up,49,25.451348110137854,0.5194152675538337,12.725674055068927,0.25970763377691686,24.571727067316235
30,777,negative,-0.8542529111333045,down,49,16.33089055308893,0.3332834806752843,8.165445276544466,0.16664174033764215,24.57172706731624
31,916,none,-0.025864948608703513,up,49,25.84466752491404,0.5274421943860008,12.92233376245702,0.2637210971930004,24.65706695998126
31,916,none,-0.025864948608703513,down,49,17.06814282738996,0.34832944545693795,8.53407141369498,0.17416472272846897,24.65706695998126
31,916,positive,0.9091975089114718,up,49,24.790920292759324,0.505937148831823,12.395460146379662,0.2529685744159115,24.657066959981268
31,916,positive,0.9091975089114718,down,49,23.79550662463907,0.48562258417630755,11.897753312319535,0.24281129208815377,24.657066959981265
31,916,negative,-0.8303429538275204,up,49,25.14023602364003,0.5130660412987761,12.570118011820014,0.25653302064938804,24.43435445535411
31,916,negative,-0.8303429538275204,down,49,16.203690365211553,0.3306875584737052,8.101845182605777,0.1653437792368526,24.43435445535411
32,115,none,-0.11010780069243718,up,49,25.46221977514885,0.5196371382683439,12.731109887574425,0.25981856913417195,24.08236952013728
32,115,none,-0.11010780069243718,down,49,16.003565619858385,0.3266033799971099,8.001782809929193,0.16330168999855496,24.082369520137284
32,115,positive,0.7750285969084141,up,49,24.16548556477606,0.49317317479134815,12.08274278238803,0.24658658739567407,24.08236952013728
32,115,positive,0.7750285969084141,down,49,23.530109990764622,0.4802063263421351,11.765054995382311,0.24010316317106756,24.082369520137284
32,115,negative,-0.8169392255371732,up,49,26.054870423533714,0.5317320494598717,13.027435211766857,0.26586602472993587,25.04670875831607
32,115,negative,-0.8169392255371732,down,49,15.440874001537981,0.3151198775824078,7.720437000768991,0.1575599387912039,25.046708758316065
33,976,none,0.0008226957803540844,up,49,24.88626411016856,0.5078829410238482,12.44313205508428,0.2539414705119241,23.917659539229557
33,976,none,0.0008226957803540844,down,49,18.114647495706,0.36968668358583673,9.057323747853,0.18484334179291836,23.917659539229557
33,976,positive,0.9064126599661075,up,49,24.02840171557493,0.4903755452158149,12.014200857787465,0.24518777260790744,23.917659539229557
33,976,positive,0.9064126599661075,down,49,23.11414972518772,0.47171734133036164,11.55707486259386,0.23585867066518082,23.91765953922956
33,976,negative,-0.8918580376323499,up,49,25.83485515846391,0.5272419420094675,12.917427579231955,0.26362097100473375,25.189632774386585
33,976,negative,-0.8918580376323499,down,49,17.09296720575663,0.3488360654236047,8.546483602878315,0.17441803271180234,25.189632774386585
34,755,none,-0.07083432245627208,up,49,26.671973751065963,0.5443259949197136,13.335986875532981,0.2721629974598568,25.53879752659262
34,755,none,-0.07083432245627208,down,49,19.10143887676706,0.38982528319932774,9.55071943838353,0.19491264159966387,25.538797526592617
34,755,positive,0.8010090225758284,up,49,25.626810595465987,0.5229961346013466,12.813405297732993,0.2614980673006733,25.538797526592624
34,755,positive,0.8010090225758284,down,49,25.118923272530157,0.512631087194493,12.559461636265079,0.2563155435972465,25.538797526592624
34,755,negative,-0.7732281228324919,up,49,25.746150600932367,0.5254316449169871,12.873075300466184,0.26271582245849356,24.77512042729256
34,755,negative,-0.7732281228324919,down,49,15.696880574631498,0.3203445015230918,7.848440287315749,0.1601722507615459,24.77512042729256
35,709,none,-0.29300890276129243,up,49,25.32751406802878,0.516888042204669,12.66375703401439,0.2584440211023345,24.139022176049753
35,709,none,-0.29300890276129243,down,49,16.43173028614955,0.3353414344112153,8.215865143074774,0.16767071720560764,24.139022176049757
35,709,positive,0.7934953485752643,up,49,24.185146632826772,0.4935744210780974,12.092573316413386,0.2467872105390487,24.139022176049753
35,709,positive,0.7934953485752643,down,49,23.62322597335302,0.48210665251740853,11.81161298667651,0.24105332625870426,24.139022176049757
35,709,negative,-0.8287826456364208,up,49,25.511351294135316,0.5206398223292922,12.755675647067658,0.2603199111646461,24.65759517692876
35,709,negative,-0.8287826456364208,down,49,16.02355959255158,0.3270114202561547,8.01177979627579,0.16350571012807735,24.657595176928762
36,847,none,-0.10336971249369602,up,49,25.432392323398364,0.5190284147632319,12.716196161699182,0.25951420738161596,24.41940088521983
36,847,none,-0.10336971249369602,down,49,17.748791925666545,0.3622202433809499,8.874395962833272,0.18111012169047494,24.41940088521983
36,847,positive,0.8565967723905835,up,49,24.50288241857857,0.5000588248689504,12.251441209289284,0.2500294124344752,24.419400885219826
36,847,positive,0.8565967723905835,down,49,23.982564789732724,0.4894400977496474,11.991282394866362,0.2447200488748237,24.41940088521983
36,847,negative,-0.8865388657383994,up,49,25.130419990952575,0.512865714101073,12.565209995476287,0.2564328570505365,24.30640792689997
36,847,negative,-0.8865388657383994,down,49,17.375954750444475,0.35461132143764235,8.687977375222237,0.17730566071882117,24.30640792689997
37,431,none,-0.008038500086067239,up,49,25.51497383674126,0.5207137517702298,12.75748691837063,0.2603568758851149,24.27097733043952
37,431,none,-0.008038500086067239,down,49,15.947427604010418,0.32545770620429426,7.973713802005209,0.16272885310214713,24.27097733043952
37,431,positive,0.7393603889725312,up,49,24.388559178226195,0.4977256975148203,12.194279589113098,0.24886284875741016,24.270977330439525
37,431,positive,0.7393603889725312,down,49,23.763433567771227,0.4849680319953312,11.881716783885613,0.2424840159976656,24.27097733043952
37,431,negative,-0.8244234295651165,up,49,25.67921290881133,0.5240655695675782,12.839606454405665,0.2620327847837891,24.738172090559576
37,431,negative,-0.8244234295651165,down,49,16.11540117859953,0.32888573833876594,8.057700589299765,0.16444286916938297,24.73817209055957
38,448,none,-0.06588007936971835,up,49,27.566531244961766,0.5625822703053421,13.783265622480883,0.28129113515267107,26.594610112517305
38,448,none,-0.06588007936971835,down,49,19.51211609844057,0.39820645098858304,9.756058049220284,0.19910322549429152,26.5946101125173
38,448,positive,0.9155892365745184,up,49,26.682993954034064,0.5445508970211034,13.341496977017032,0.2722754485105517,26.59461011251731
38,448,positive,0.9155892365745184,down,49,26.05398537354736,0.5317139872152522,13.02699268677368,0.2658569936076261,26.594610112517305
38,448,negative,-0.801689612935869,up,49,24.92199829281122,0.5086122100573719,12.46099914640561,0.25430610502868595,24.253593811799075
38,448,negative,-0.801689612935869,down,49,16.96495878474507,0.3462236486682667,8.482479392372534,0.17311182433413336,24.253593811799075
39,850,none,0.008584293243471142,up,49,24.233600491350238,0.49456327533367833,12.116800245675119,0.24728163766683917,22.906019969910105
39,850,none,0.008584293243471142,down,49,14.919913992150335,0.3044880406561293,7.459956996075167,0.15224402032806464,22.9060199699101
39,850,positive,0.8742488203438916,up,49,23.01073257509559,0.4696067872468488,11.505366287547796,0.2348033936234244,22.9060199699101
39,850,positive,0.8742488203438916,down,49,22.253429966751153,0.4541516319745133,11.126714983375576,0.22707581598725665,22.906019969910105
39,850,negative,-0.7876721104980444,up,49,25.629145853466678,0.5230437929278914,12.814572926733339,0.2615218964639457,24.873206819003375
39,850,negative,-0.7876721104980444,down,49,16.229619659348163,0.3312167277417992,8.114809829674082,0.1656083638708996,24.87320681900337
40,99,none,-0.09707630453249586,up,49,25.526484986454484,0.5209486731929487,12.763242493227242,0.26047433659647434,24.647770212558896
40,99,none,-0.09707630453249586,down,49,16.43908448541484,0.3354915201105069,8.21954224270742,0.16774576005525346,24.647770212558893
40,99,positive,0.8036059224189599,up,49,24.726956541481965,0.5046317661526931,12.363478270740982,0.25231588307634656,24.647770212558896
40,99,positive,0.8036059224189599,down,49,23.918933043779884,0.4881414906893854,11.959466521889942,0.2440707453446927,24.6477702125589
40,99,negative,-0.8108312505134905,up,49,25.605319325626485,0.5225575372576834,12.802659662813243,0.2612787686288417,24.813729884420212
40,99,negative,-0.8108312505134905,down,49,15.77687769402943,0.321977095796519,7.888438847014715,0.1609885478982595,24.813729884420212
41,984,none,0.09851058120367616,up,49,25.749397469925416,0.5254979075494983,12.874698734962708,0.26274895377474916,24.62485609226023
41,984,none,0.09851058120367616,down,49,17.576769883791165,0.3587095894651258,8.788384941895583,0.1793547947325629,24.62485609226023
41,984,positive,0.8828250423624993,up,49,24.843615977978477,0.5070125709791525,12.421807988989238,0.25350628548957627,24.62485609226023
41,984,positive,0.8828250423624993,down,49,23.599060478924436,0.4816134791617232,11.799530239462218,0.2408067395808616,24.624856092260234
41,984,negative,-0.8402717326035917,up,49,25.59042270221102,0.5222535245349187,12.79521135110551,0.26112676226745934,24.799867358215472
41,984,negative,-0.8402717326035917,down,49,16.419527296894646,0.33509239381417644,8.209763648447323,0.16754619690708822,24.799867358215472
42,177,none,0.03607242171508987,up,49,27.422776471210643,0.5596484994124621,13.711388235605321,0.27982424970623104,25.94942893869094
42,177,none,0.03607242171508987,down,49,17.606122305518802,0.3593086184799756,8.803061152759401,0.1796543092399878,25.94942893869094
42,177,positive,0.7144781987079487,up,49,26.079210256411887,0.5322287807430998,13.039605128205944,0.2661143903715499,25.94942893869094
42,177,positive,0.7144781987079487,down,49,25.29363641179968,0.5161966614652996,12.64681820589984,0.2580983307326498,25.94942893869094
42,177,negative,-0.8466312873111829,up,49,25.38755631610185,0.5181133942061602,12.693778158050925,0.2590566971030801,24.56483383812409
42,177,negative,-0.8466312873111829,down,49,15.243008504505655,0.3110818062144011,7.621504252252827,0.15554090310720056,24.564833838124088
43,755,none,-0.07083432245627208,up,49,26.671973751065963,0.5443259949197136,13.335986875532981,0.2721629974598568,25.53879752659262
43,755,none,-0.07083432245627208,down,49,19.10143887676706,0.38982528319932774,9.55071943838353,0.19491264159966387,25.538797526592617
43,755,positive,0.8010090225758284,up,49,25.626810595465987,0.5229961346013466,12.813405297732993,0.2614980673006733,25.538797526592624
43,755,positive,0.8010090225758284,down,49,25.118923272530157,0.512631087194493,12.559461636265079,0.2563155435972465,25.538797526592624
43,755,negative,-0.7732281228324919,up,49,25.746150600932367,0.5254316449169871,12.873075300466184,0.26271582245849356,24.77512042729256
43,755,negative,-0.7732281228324919,down,49,15.696880574631498,0.3203445015230918,7.848440287315749,0.1601722507615459,24.77512042729256
44,797,none,-0.08895076167326163,up,49,25.798162265988143,0.5264931074691458,12.899081132994072,0.2632465537345729,24.837174418679645
44,797,none,-0.08895076167326163,down,49,16.97778372629681,0.3464853821693227,8.488891863148405,0.17324269108466134,24.83717441867964
44,797,positive,0.8383070700175896,up,49,24.960150308855663,0.5093908226297074,12.480075154427832,0.2546954113148537,24.83717441867965
44,797,positive,0.8383070700175896,down,49,24.103297629606914,0.49190403325728393,12.051648814803457,0.24595201662864197,24.837174418679645
44,797,negative,-0.8155038868480502,up,49,25.735726307525713,0.5252189042352187,12.867863153762856,0.26260945211760933,24.98483124541129
44,797,negative,-0.8155038868480502,down,49,16.4438079550476,0.33558791744995103,8.2219039775238,0.16779395872497552,24.984831245411286
45,659,none,-0.04229120552729568,up,49,27.068145174785528,0.5524111260160312,13.534072587392764,0.2762055630080156,25.51788130939153
45,659,none,-0.04229120552729568,down,49,17.283890992296428,0.35273246923053936,8.641945496148214,0.17636623461526968,25.517881309391527
45,659,positive,0.8967287833153146,up,49,25.658065158471945,0.5236339828259581,12.829032579235973,0.26181699141297904,25.51788130939153
45,659,positive,0.8967287833153146,down,49,24.806509097974534,0.506255287713766,12.403254548987267,0.253127643856883,25.51788130939153
45,659,negative,-0.82519771568617,up,49,25.535243732006975,0.5211274231021832,12.767621866003488,0.2605637115510916,24.860337828854863
45,659,negative,-0.82519771568617,down,49,17.548086063423792,0.35812420537599576,8.774043031711896,0.17906210268799788,24.86033782885486
46,147,none,-0.0026178370413635767,up,49,25.268697698719247,0.5156877081371275,12.634348849359624,0.25784385406856375,23.957245879570245
46,147,none,-0.0026178370413635767,down,49,16.434635962572475,0.3354007339300505,8.217317981286238,0.16770036696502524,23.957245879570248
46,147,positive,0.8329242850910163,up,49,24.050463695202197,0.490825789698004,12.025231847601098,0.245412894849002,23.95724587957025
46,147,positive,0.8329242850910163,down,49,23.297209300943386,0.47545325103966096,11.648604650471693,0.23772662551983048,23.95724587957025
46,147,negative,-0.7969163034174044,up,49,25.45955129369679,0.5195826794631998,12.729775646848395,0.2597913397315999,24.801186179917583
46,147,negative,-0.7969163034174044,down,49,16.33092090283897,0.3332841000579381,8.165460451419484,0.16664205002896906,24.801186179917583
47,910,none,-0.09196849939883342,up,49,26.94243856149304,0.5498456849284294,13.47121928074652,0.2749228424642147,25.296556816903987
47,910,none,-0.09196849939883342,down,49,16.44091494525284,0.3355288764337314,8.22045747262642,0.1677644382168657,25.296556816903987
47,910,positive,0.7466852012617593,up,49,25.473966863019644,0.5198768747555029,12.736983431509822,0.25993843737775146,25.29655681690399
47,910,positive,0.7466852012617593,down,49,24.480103519291198,0.49959394937328977,12.240051759645599,0.24979697468664488,25.296556816903987
47,910,negative,-0.7949967517422796,up,49,25.48610986887105,0.52012469120145,12.743054934435525,0.260062345600725,24.52138421136065
47,910,negative,-0.7949967517422796,down,49,16.02153315286845,0.3269700643442541,8.010766576434225,0.16348503217212704,24.52138421136065
48,423,none,-0.19886154120560637,up,49,26.47952528286308,0.540398475160471,13.23976264143154,0.2701992375802355,25.2826483237507
48,423,none,-0.19886154120560637,down,49,17.394280011615244,0.35498530635949477,8.697140005807622,0.17749265317974738,25.282648323750703
48,423,positive,0.8521862262393413,up,49,25.46562017220452,0.5197065341266228,12.73281008610226,0.2598532670633114,25.282648323750703
48,423,positive,0.8521862262393413,down,49,24.38213692104535,0.49759463104174184,12.191068460522676,0.24879731552087092,25.282648323750703
48,423,negative,-0.7620790945151834,up,49,25.50707327824493,0.5205525158825496,12.753536639122466,0.2602762579412748,24.676108088266854
48,423,negative,-0.7620790945151834,down,49,15.001740500031472,0.3061579693883974,7.500870250015736,0.1530789846941987,24.676108088266854
49,288,none,-0.05279455126575993,up,49,26.280830380152047,0.5363434771459601,13.140415190076023,0.26817173857298005,25.382436569606607
49,288,none,-0.05279455126575993,down,49,16.966898095440328,0.3462632264375577,8.483449047720164,0.17313161321877885,25.38243656960661
49,288,positive,0.8398279283721383,up,49,25.512568597305425,0.5206646652511311,12.756284298652712,0.26033233262556554,25.38243656960661
49,288,positive,0.8398279283721383,down,49,24.615946977127045,0.5023662648393274,12.307973488563523,0.2511831324196637,25.38243656960661
49,288,negative,-0.8177385003557519,up,49,25.532255442040704,0.5210664375926675,12.766127721020352,0.26053321879633373,24.65971609813107
49,288,negative,-0.8177385003557519,down,49,15.785710803988422,0.3221573633467025,7.892855401994211,0.16107868167335124,24.65971609813107
50,961,none,0.02922232013898132,up,49,24.112688337630125,0.49209568035979845,12.056344168815063,0.24604784017989922,23.148077604800132
50,961,none,0.02922232013898132,down,49,16.020993679357474,0.3269590546807648,8.010496839678737,0.1634795273403824,23.148077604800136
50,961,positive,0.9251163729414835,up,49,23.285632592014107,0.4752169916737573,11.642816296007053,0.23760849583687865,23.148077604800132
50,961,positive,0.9251163729414835,down,49,22.284442033626405,0.45478453129849805,11.142221016813203,0.22739226564924903,23.148077604800132
50,961,negative,-0.7149752854573314,up,49,26.117761535844593,0.5330155415478488,13.058880767922297,0.2665077707739244,25.473891120180028
50,961,negative,-0.7149752854573314,down,49,16.791242587427515,0.34267842015158195,8.395621293713758,0.17133921007579098,25.473891120180028
51,265,none,0.1299208036086619,up,49,25.98655266635814,0.5303378095175131,12.99327633317907,0.26516890475875654,25.163546050477315
51,265,none,0.1299208036086619,down,49,17.939335574016933,0.3661088892656517,8.969667787008467,0.18305444463282586,25.16354605047731
51,265,positive,0.8328356984034724,up,49,25.30197353070239,0.5163668067490284,12.650986765351195,0.2581834033745142,25.16354605047732
51,265,positive,0.8328356984034724,down,49,24.10615724854911,0.49196239282753285,12.053078624274555,0.24598119641376642,25.163546050477315
51,265,negative,-0.8728382545574663,up,49,25.022021430112634,0.5106534985737272,12.511010715056317,0.2553267492868636,24.18798824037102
51,265,negative,-0.8728382545574663,down,49,14.369221479495518,0.29324941794888815,7.184610739747759,0.14662470897444407,24.187988240371023
52,697,none,-0.018138771494931507,up,49,25.469580836834176,0.519787364017024,12.734790418417088,0.259893682008512,23.896369853001
52,697,none,-0.018138771494931507,down,49,14.713762700373984,0.30028087143620374,7.356881350186992,0.15014043571810187,23.896369853001
52,697,positive,0.7713500454563189,up,49,24.009375418191823,0.48998725343248617,12.004687709095911,0.24499362671624308,23.896369853001
52,697,positive,0.7713500454563189,down,49,23.335008411782116,0.47622466146494113,11.667504205891058,0.23811233073247057,23.896369853001
52,697,negative,-0.8052140789264153,up,49,25.144867827139873,0.5131605679008138,12.572433913569936,0.2565802839504069,24.239295839693504
52,697,negative,-0.8052140789264153,down,49,15.163480559523952,0.30945878692906026,7.581740279761976,0.15472939346453013,24.239295839693504
53,639,none,-0.27738971739085494,up,49,27.757586549213563,0.5664813581472156,13.878793274606782,0.2832406790736078,26.61004286709736
53,639,none,-0.27738971739085494,down,49,18.1942060853147,0.3713103282717286,9.09710304265735,0.1856551641358643,26.61004286709736
53,639,positive,0.7612062402706614,up,49,26.69228412774721,0.5447404924030043,13.346142063873605,0.27237024620150213,26.610042867097363
53,639,positive,0.7612062402706614,down,49,26.078042627344864,0.5322049515784666,13.039021313672432,0.2661024757892333,26.610042867097363
53,639,negative,-0.828444486567905,up,49,24.874742939751627,0.507647815096972,12.437371469875814,0.253823907548486,24.12036786950034
53,639,negative,-0.828444486567905,down,49,16.5034837235368,0.33680579027626123,8.2517418617684,0.16840289513813061,24.120367869500342
54,544,none,0.12679358343632438,up,49,24.512546840120997,0.500256057961653,12.256273420060499,0.2501280289808265,23.80494731770087
54,544,none,0.12679358343632438,down,49,17.29766304847125,0.3530135316014541,8.648831524235625,0.17650676580072705,23.80494731770087
54,544,positive,0.8978635486636571,up,49,23.944740215904634,0.48866816767152316,11.972370107952317,0.24433408383576158,23.804947317700876
54,544,positive,0.8978635486636571,down,49,22.769236883652496,0.4646783037480101,11.384618441826248,0.23233915187400506,23.804947317700872
54,544,negative,-0.8005133600637009,up,49,25.031513884451957,0.5108472221316726,12.515756942225979,0.2554236110658363,24.2412808021623
54,544,negative,-0.8005133600637009,down,49,15.239576045683883,0.311011756034365,7.6197880228419415,0.1555058780171825,24.241280802162304
55,543,none,-0.050307974907045735,up,49,26.49984690156169,0.5408132020726876,13.249923450780845,0.2704066010363438,25.20122477557984
55,543,none,-0.050307974907045735,down,49,15.760046510844532,0.32163360226213333,7.880023255422266,0.16081680113106667,25.20122477557984
55,543,positive,0.8158126927070934,up,49,25.37924269859238,0.5179437285427015,12.68962134929619,0.25897186427135077,25.20122477557984
55,543,positive,0.8158126927070934,down,49,24.34825210986965,0.4969031042830541,12.174126054934826,0.24845155214152706,25.201224775579842
55,543,negative,-0.8195407049383769,up,49,25.55499265468581,0.5215304623405268,12.777496327342906,0.2607652311702634,24.688705888148085
55,543,negative,-0.8195407049383769,down,49,15.643895856679372,0.3192631807485586,7.821947928339686,0.1596315903742793,24.688705888148085
56,714,none,-0.048201324974195846,up,49,23.417993376145525,0.4779182321662352,11.708996688072762,0.2389591160831176,22.37250010027068
56,714,none,-0.048201324974195846,down,49,15.95027296893232,0.3255157748761698,7.97513648446616,0.1627578874380849,22.37250010027068
56,714,positive,0.8551574093632734,up,49,22.47224780387852,0.4586173021199698,11.23612390193926,0.2293086510599849,22.372500100270685
56,714,positive,0.8551574093632734,down,49,21.74025554861884,0.4436786846656906,10.87012777430942,0.2218393423328453,22.37250010027068
56,714,negative,-0.7680112425995472,up,49,25.84526757087407,0.5274544402219198,12.922633785437036,0.2637272201109599,24.949771809233944
56,714,negative,-0.7680112425995472,down,49,16.739330816636794,0.34161899625789377,8.369665408318397,0.17080949812894688,24.949771809233944
57,244,none,0.04604474296860297,up,49,25.025518368993097,0.5107248646733286,12.512759184496549,0.2553624323366643,23.998077791105064
57,244,none,0.04604474296860297,down,49,17.78176865488302,0.3628932378547555,8.89088432744151,0.18144661892737776,23.998077791105064
57,244,positive,0.7335698005088979,up,49,24.12474914002521,0.49234181918418796,12.062374570012604,0.24617090959209398,23.998077791105064
57,244,positive,0.7335698005088979,down,49,23.253192114176215,0.47455494110563706,11.626596057088108,0.23727747055281853,23.998077791105068
57,244,negative,-0.8541868593587991,up,49,24.707891782445667,0.5042426894376667,12.353945891222834,0.25212134471883335,24.09971772198992
57,244,negative,-0.8541868593587991,down,49,15.884024656034274,0.3241637684904954,7.942012328017137,0.1620818842452477,24.09971772198992
58,151,none,-0.05722510234677454,up,49,26.394008210322443,0.5386532287820907,13.197004105161222,0.2693266143910453,25.326301394563963
58,151,none,-0.05722510234677454,down,49,18.396070232008608,0.37543000473486954,9.198035116004304,0.18771500236743477,25.32630139456396
58,151,positive,0.8572348034684012,up,49,25.472400920271546,0.5198449167402357,12.736200460135773,0.25992245837011785,25.326301394563966
58,151,positive,0.8572348034684012,down,49,24.58277675069441,0.501689321442743,12.291388375347205,0.2508446607213715,25.326301394563963
58,151,negative,-0.8254571863542596,up,49,25.856328355175197,0.5276801705137796,12.928164177587599,0.2638400852568898,24.97960583379088
58,151,negative,-0.8254571863542596,down,49,16.145345523200824,0.3294968474122617,8.072672761600412,0.16474842370613085,24.979605833790885
59,675,none,0.023194109930868408,up,49,26.925080217203224,0.5494914330041474,13.462540108601612,0.2747457165020737,25.211227049031844
59,675,none,0.023194109930868408,down,49,14.27243840229006,0.2912742531079604,7.13621920114503,0.1456371265539802,25.211227049031848
59,675,positive,0.7997263280556545,up,49,25.40557937107163,0.5184812116545231,12.702789685535816,0.25924060582726155,25.211227049031848
59,675,positive,0.7997263280556545,down,49,24.15749508987139,0.49301010387492633,12.078747544935695,0.24650505193746317,25.211227049031848
59,675,negative,-0.8202289817714522,up,49,25.624798508034782,0.5229550715925466,12.812399254017391,0.2614775357962733,24.84472163819723
59,675,negative,-0.8202289817714522,down,49,16.34641142181981,0.33360023309836345,8.173205710909905,0.16680011654918173,24.84472163819723
60,510,none,0.05962169523683326,up,49,25.518597004028987,0.5207876939597752,12.759298502014493,0.2603938469798876,24.282853411881508
60,510,none,0.05962169523683326,down,49,17.2551191147661,0.352145288056451,8.62755955738305,0.1760726440282255,24.282853411881508
60,510,positive,0.8986172236197344,up,49,24.421535827949466,0.4983986903663156,12.210767913974733,0.2491993451831578,24.28285341188151
60,510,positive,0.8986172236197344,down,49,23.54797460019437,0.4805709102080483,11.773987300097184,0.24028545510402416,24.282853411881515
60,510,negative,-0.8229125859547223,up,49,25.472402973585893,0.5198449586446101,12.736201486792947,0.25992247932230506,24.790616833911375
60,510,negative,-0.8229125859547223,down,49,15.11259871273668,0.3084203818925853,7.55629935636834,0.15421019094629265,24.790616833911375
61,459,none,-0.29520007844600576,up,49,27.235028530452198,0.5558169087847388,13.617514265226099,0.2779084543923694,25.74606583951646
61,459,none,-0.29520007844600576,down,49,15.823371234091448,0.3229259435528867,7.911685617045724,0.16146297177644334,25.74606583951646
61,459,positive,0.8304819878850886,up,49,25.80860421798385,0.5267062085302826,12.904302108991924,0.2633531042651413,25.74606583951646
61,459,positive,0.8304819878850886,down,49,25.30677957429095,0.5164648892712439,12.653389787145475,0.25823244463562195,25.746065839516458
61,459,negative,-0.7491044638424215,up,49,25.71047108096629,0.5247034914482916,12.855235540483145,0.2623517457241458,24.7535015651661
61,459,negative,-0.7491044638424215,down,49,16.03779291163975,0.3273018961559133,8.018896455819876,0.16365094807795666,24.7535015651661
62,882,none,-0.09435703118637521,up,49,25.679481065862568,0.5240710421604605,12.839740532931284,0.26203552108023026,24.34781737862706
62,882,none,-0.09435703118637521,down,49,16.37602525090121,0.3342045969571676,8.188012625450606,0.1671022984785838,24.347817378627063
62,882,positive,0.8687317677019469,up,49,24.489168878360758,0.49977895670123995,12.244584439180379,0.24988947835061998,24.347817378627063
62,882,positive,0.8687317677019469,down,49,23.50701088821769,0.47973491608607527,11.753505444108844,0.23986745804303763,24.347817378627063
62,882,negative,-0.8473447128178718,up,49,25.319426797686255,0.516722995871148,12.659713398843127,0.258361497935574,24.553525219950384
62,882,negative,-0.8473447128178718,down,49,16.644096620620296,0.3396754412371489,8.322048310310148,0.16983772061857444,24.553525219950384
63,183,none,0.029300237375489938,up,49,25.901587865702414,0.5286038339939269,12.950793932851207,0.2643019169969634,24.69227603883295
63,183,none,0.029300237375489938,down,49,17.72701844062776,0.3617758865434237,8.86350922031388,0.18088794327171184,24.692276038832954
63,183,positive,0.8697939027005233,up,49,24.79903664661518,0.5061027887064322,12.39951832330759,0.2530513943532161,24.69227603883295
63,183,positive,0.8697939027005233,down,49,23.98967437891994,0.4895851914065294,11.99483718945997,0.2447925957032647,24.692276038832954
63,183,negative,-0.8774378101315866,up,49,25.678458706920356,0.5240501776922522,12.839229353460178,0.2620250888461261,25.035782383187343
63,183,negative,-0.8774378101315866,down,49,16.853655923603768,0.34395216170619936,8.426827961801884,0.17197608085309968,25.035782383187343
64,28,none,-0.13353718869132267,up,49,25.458391808403956,0.5195590164980399,12.729195904201978,0.25977950824901996,24.446003174602932
64,28,none,-0.13353718869132267,down,49,17.415562145289556,0.3554196356181542,8.707781072644778,0.1777098178090771,24.446003174602932
64,28,positive,0.8731935492799495,up,49,24.503162695343292,0.5000645448029243,12.251581347671646,0.25003227240146214,24.446003174602932
64,28,positive,0.8731935492799495,down,49,23.97390854300542,0.48926343965317187,11.98695427150271,0.24463171982658594,24.446003174602932
64,28,negative,-0.718069682992061,up,49,25.299594344988193,0.5163182519385345,12.649797172494097,0.25815912596926727,24.464653212721068
64,28,negative,-0.718069682992061,down,49,15.986201436965379,0.3262490089176608,7.993100718482689,0.1631245044588304,24.464653212721064
65,802,none,-0.13756771748323257,up,49,25.6588411952674,0.5236498203115796,12.8294205976337,0.2618249101557898,24.646767549449795
65,802,none,-0.13756771748323257,down,49,17.477546033397743,0.35668461292648457,8.738773016698872,0.17834230646324228,24.646767549449795
65,802,positive,0.8588546631973905,up,49,24.768740920691545,0.5054845085855417,12.384370460345773,0.25274225429277086,24.646767549449795
65,802,positive,0.8588546631973905,down,49,23.90397754423337,0.48783627641292593,11.951988772116685,0.24391813820646296,24.646767549449798
65,802,negative,-0.7549746448243896,up,49,25.48718907016817,0.5201467157177178,12.743594535084085,0.2600733578588589,24.65308717349653
65,802,negative,-0.7549746448243896,down,49,17.306253503130947,0.3531888470026724,8.653126751565473,0.1765944235013362,24.653087173496534
66,128,none,0.020521390188813493,up,49,25.58351973899645,0.5221126477346214,12.791759869498225,0.2610563238673107,24.302426169585942
66,128,none,0.020521390188813493,down,49,17.144360789687664,0.34988491407525846,8.572180394843832,0.17494245703762923,24.302426169585946
66,128,positive,0.8536153890794833,up,49,24.42635803803264,0.4984971028169926,12.21317901901632,0.2492485514084963,24.30242616958595
66,128,positive,0.8536153890794833,down,49,23.777784875689616,0.4852609158304003,11.888892437844808,0.24263045791520016,24.30242616958595
66,128,negative,-0.792814132690625,up,49,26.06552872272784,0.5319495657699559,13.03276436136392,0.26597478288497794,25.201207514527194
66,128,negative,-0.792814132690625,down,49,16.699140999167394,0.3407987959013754,8.349570499583697,0.1703993979506877,25.201207514527198
67,128,none,0.020521390188813493,up,49,25.58351973899645,0.5221126477346214,12.791759869498225,0.2610563238673107,24.302426169585942
67,128,none,0.020521390188813493,down,49,17.144360789687664,0.34988491407525846,8.572180394843832,0.17494245703762923,24.302426169585946
67,128,positive,0.8536153890794833,up,49,24.42635803803264,0.4984971028169926,12.21317901901632,0.2492485514084963,24.30242616958595
67,128,positive,0.8536153890794833,down,49,23.777784875689616,0.4852609158304003,11.888892437844808,0.24263045791520016,24.30242616958595
67,128,negative,-0.792814132690625,up,49,26.06552872272784,0.5319495657699559,13.03276436136392,0.26597478288497794,25.201207514527194
67,128,negative,-0.792814132690625,down,49,16.699140999167394,0.3407987959013754,8.349570499583697,0.1703993979506877,25.201207514527198
68,932,none,-0.1608628097425369,up,49,24.26101389099286,0.49512273246924204,12.13050694549643,0.24756136623462102,22.909530139810595
68,932,none,-0.1608628097425369,down,49,15.811033856538344,0.3226741603375172,7.905516928269172,0.1613370801687586,22.90953013981059
68,932,positive,0.8066008670637966,up,49,23.019605153072764,0.4697878602667911,11.509802576536382,0.23489393013339555,22.909530139810595
68,932,positive,0.8066008670637966,down,49,22.263750907448603,0.45436226341731845,11.131875453724302,0.22718113170865922,22.909530139810595
68,932,negative,-0.8431581059932175,up,49,24.33672124755371,0.49666778056232064,12.168360623776856,0.24833389028116032,23.719916509549083
68,932,negative,-0.8431581059932175,down,49,16.30490436663095,0.33275315033940717,8.152452183315475,0.16637657516970358,23.71991650954909
69,53,none,-0.025424626675088182,up,49,25.526535313451404,0.5209497002745185,12.763267656725702,0.26047485013725924,24.511945076605116
69,53,none,-0.025424626675088182,down,49,16.66456903123156,0.340093245535338,8.33228451561578,0.170046622767669,24.511945076605116
69,53,positive,0.9004272949689581,up,49,24.663654115611457,0.5033398799104379,12.331827057805729,0.25166993995521897,24.511945076605112
69,53,positive,0.9004272949689581,down,49,23.707926875237142,0.4838352423517784,11.853963437618571,0.2419176211758892,24.511945076605112
69,53,negative,-0.8181309980659729,up,49,25.748015938471067,0.5254697130300218,12.874007969235533,0.2627348565150109,24.9207631710179
69,53,negative,-0.8181309980659729,down,49,17.31528704089718,0.35337320491626895,8.65764352044859,0.17668660245813447,24.920763171017896
70,901,none,-0.12776821373977051,up,49,26.01730318377683,0.5309653710974863,13.008651591888414,0.26548268554874316,24.407799612262917
70,901,none,-0.12776821373977051,down,41,13.493011218950992,0.3290978346085608,6.739221937434002,0.16437126676668298,24.40779961226292
70,901,positive,0.709026534893982,up,49,24.56372228935393,0.501300454884774,12.281861144676965,0.250650227442387,24.407799612262924
70,901,positive,0.709026534893982,down,49,23.7824957551795,0.48535705622815306,11.89124787758975,0.24267852811407653,24.40779961226292
70,901,negative,-0.8105002175416945,up,49,25.69779875406074,0.5244448725318519,12.84889937703037,0.26222243626592595,24.871493580946186
70,901,negative,-0.8105002175416945,down,49,16.07842379018183,0.3281310977588129,8.039211895090915,0.16406554887940644,24.87149358094619
71,550,none,0.026034505006653934,up,49,25.552508228064575,0.5214797597564199,12.776254114032287,0.26073987987820996,24.516457292356712
71,550,none,0.026034505006653934,down,49,17.455383476092774,0.356232315838628,8.727691738046387,0.178116157919314,24.516457292356712
71,550,positive,0.7685428265929329,up,49,24.610710629355808,0.5022594005990981,12.305355314677904,0.25112970029954906,24.51645729235672
71,550,positive,0.7685428265929329,down,49,23.844682491570513,0.4866261732973574,11.922341245785256,0.2433130866486787,24.516457292356712
71,550,negative,-0.8669109556226153,up,49,24.852240860892906,0.5071885889978144,12.426120430446453,0.2535942944989072,24.117992251007518
71,550,negative,-0.8669109556226153,down,49,15.820925881222685,0.32287603839229967,7.9104629406113425,0.16143801919614983,24.117992251007518
72,488,none,-0.18814381663281182,up,49,25.89832199750343,0.528537183622519,12.949160998751715,0.2642685918112595,24.922426458729035
72,488,none,-0.18814381663281182,down,49,17.370274799047166,0.35449540406218705,8.685137399523583,0.17724770203109352,24.92242645872903
72,488,positive,0.7939764849024195,up,49,25.012468932394313,0.5104585496407003,12.506234466197157,0.2552292748203501,24.922426458729035
72,488,positive,0.7939764849024195,down,49,24.24634345728406,0.49482333586294,12.12317172864203,0.24741166793147,24.922426458729035
72,488,negative,-0.8364692265323227,up,49,25.903631914189113,0.5286455492691655,12.951815957094556,0.26432277463458276,25.113126626903657
72,488,negative,-0.8364692265323227,down,49,16.2572913981618,0.33178145710534285,8.1286456990809,0.16589072855267142,25.113126626903654
73,756,none,0.028474400649850976,up,49,25.192673064116914,0.5141361849819779,12.596336532058457,0.25706809249098894,23.930845445983834
73,756,none,0.028474400649850976,down,49,16.69081975666857,0.3406289746258892,8.345409878334285,0.1703144873129446,23.930845445983834
73,756,positive,0.7603311719311936,up,49,24.101731106616555,0.49187206340033784,12.050865553308277,0.24593603170016892,23.930845445983838
73,756,positive,0.7603311719311936,down,49,23.013264946512034,0.469658468296164,11.506632473256017,0.234829234148082,23.930845445983834
73,756,negative,-0.8636266406713681,up,49,25.09551660463979,0.5121534000946896,12.547758302319895,0.2560767000473448,24.330955645490928
73,756,negative,-0.8636266406713681,down,49,16.48661033524113,0.3364614354130843,8.243305167620566,0.16823071770654216,24.330955645490924
74,273,none,0.1779911938033119,up,49,24.823876254533914,0.506609719480284,12.411938127266957,0.253304859740142,23.930181043191663
74,273,none,0.1779911938033119,down,49,16.830117914453503,0.34347179417252044,8.415058957226751,0.17173589708626022,23.930181043191663
74,273,positive,0.8647430411119125,up,49,24.052287749628057,0.49086301529853177,12.026143874814029,0.24543150764926588,23.930181043191666
74,273,positive,0.8647430411119125,down,49,22.981640894414312,0.4690130794778431,11.490820447207156,0.23450653973892155,23.930181043191663
74,273,negative,-0.8460128362681479,up,49,25.707904518416406,0.5246511126207429,12.853952259208203,0.26232555631037147,24.884052577387852
74,273,negative,-0.8460128362681479,down,49,15.926000586816999,0.3250204201391224,7.963000293408499,0.1625102100695612,24.884052577387852
75,335,none,0.010523535073446527,up,49,25.884238404772184,0.5282497633626976,12.942119202386092,0.2641248816813488,24.72050235847936
75,335,none,0.010523535073446527,down,49,18.183220418918463,0.371086130998336,9.091610209459231,0.185543065499168,24.72050235847936
75,335,positive,0.9037034402220371,up,49,24.88844240107391,0.5079273959402839,12.444221200536955,0.25396369797014196,24.72050235847936
75,335,positive,0.9037034402220371,down,49,23.770750510819752,0.4851173573636684,11.885375255409876,0.2425586786818342,24.720502358479358
75,335,negative,-0.8440760912298994,up,49,25.726074740705837,0.5250219334837926,12.863037370352918,0.2625109667418963,24.825732482626915
75,335,negative,-0.8440760912298994,down,49,15.82394074536075,0.32293756623185205,7.911970372680375,0.16146878311592602,24.825732482626915
76,388,none,0.12772061599326356,up,49,25.272881194160718,0.5157730855951167,12.636440597080359,0.25788654279755835,23.9343259180416
76,388,none,0.12772061599326356,down,49,16.97655001922468,0.346460204473973,8.48827500961234,0.1732301022369865,23.934325918041605
76,388,positive,0.9216586703415501,up,49,24.08950151730193,0.49162247994493735,12.044750758650965,0.24581123997246868,23.934325918041605
76,388,positive,0.9216586703415501,down,49,23.035516238926206,0.47011257630461645,11.517758119463103,0.23505628815230822,23.9343259180416
76,388,negative,-0.7464794282954637,up,49,26.415049365824267,0.5390826401188625,13.207524682912133,0.26954132005943127,25.391619437929588
76,388,negative,-0.7464794282954637,down,49,16.709992441043305,0.34102025389884294,8.354996220521652,0.17051012694942147,25.391619437929588
77,617,none,-0.14046238020850166,up,49,26.4340626784247,0.5394706669066265,13.21703133921235,0.26973533345331324,25.10730645851038
77,617,none,-0.14046238020850166,down,49,17.44557966243247,0.3560322380088259,8.722789831216234,0.17801611900441294,25.107306458510383
77,617,positive,0.8270538108994091,up,49,25.20167520568471,0.5143199021568309,12.600837602842356,0.25715995107841544,25.107306458510383
77,617,positive,0.8270538108994091,down,49,24.63779591463059,0.5028121615230733,12.318897957315295,0.25140608076153664,25.107306458510383
77,617,negative,-0.8374566995832968,up,49,25.542543828901476,0.5212764046714586,12.771271914450738,0.2606382023357293,24.495438856412928
77,617,negative,-0.8374566995832968,down,49,14.260742616500542,0.29103556360205185,7.130371308250271,0.14551778180102592,24.495438856412928
78,42,none,-0.040294652248306445,up,49,24.32195031908936,0.49636633304264,12.16097515954468,0.24818316652132,23.31116811156947
78,42,none,-0.040294652248306445,down,49,16.491045035962717,0.3365519395094432,8.245522517981358,0.1682759697547216,23.311168111569465
78,42,positive,0.8768734824383088,up,49,23.423868992150272,0.47803814269694433,11.711934496075136,0.23901907134847217,23.311168111569465
78,42,positive,0.8768734824383088,down,49,22.49944912046845,0.4591724310299684,11.249724560234226,0.2295862155149842,23.31116811156947
78,42,negative,-0.8557958243137109,up,49,25.404200251060054,0.5184530663481643,12.702100125530027,0.2592265331740822,24.58471731529797
78,42,negative,-0.8557958243137109,down,49,15.992181034740947,0.3263710415253254,7.996090517370473,0.1631855207626627,24.584717315297972
79,442,none,-0.18522030321706687,up,49,25.747859446509853,0.5254665193165277,12.873929723254927,0.26273325965826383,24.530324269602943
79,442,none,-0.18522030321706687,down,49,16.755593295025474,0.3419508835719484,8.377796647512737,0.1709754417859742,24.530324269602943
79,442,positive,0.8139061999672489,up,49,24.65268461914474,0.5031160126356069,12.32634230957237,0.25155800631780345,24.530324269602946
79,442,positive,0.8139061999672489,down,49,23.946029385699447,0.48869447725917237,11.973014692849723,0.24434723862958618,24.530324269602946
79,442,negative,-0.7702506038829916,up,49,25.03705651807075,0.5109603371034847,12.518528259035374,0.2554801685517423,24.495270085133487
79,442,negative,-0.7702506038829916,down,49,16.122565844344063,0.3290319560070217,8.061282922172031,0.16451597800351084,24.495270085133484
80,543,none,-0.050307974907045735,up,49,26.49984690156169,0.5408132020726876,13.249923450780845,0.2704066010363438,25.20122477557984
80,543,none,-0.050307974907045735,down,49,15.760046510844532,0.32163360226213333,7.880023255422266,0.16081680113106667,25.20122477557984
80,543,positive,0.8158126927070934,up,49,25.37924269859238,0.5179437285427015,12.68962134929619,0.25897186427135077,25.20122477557984
80,543,positive,0.8158126927070934,down,49,24.34825210986965,0.4969031042830541,12.174126054934826,0.24845155214152706,25.201224775579842
80,543,negative,-0.8195407049383769,up,49,25.55499265468581,0.5215304623405268,12.777496327342906,0.2607652311702634,24.688705888148085
80,543,negative,-0.8195407049383769,down,49,15.643895856679372,0.3192631807485586,7.821947928339686,0.1596315903742793,24.688705888148085
81,888,none,0.25534816532602467,up,49,25.08105405068544,0.511858245932356,12.54052702534272,0.255929122966178,24.084622770588624
81,888,none,0.25534816532602467,down,49,17.98334389954858,0.36700701835813426,8.99167194977429,0.18350350917906713,24.084622770588616
81,888,positive,0.7707067615578442,up,49,24.206711549110125,0.4940145214104107,12.103355774555062,0.24700726070520534,24.08462277058862
81,888,positive,0.7707067615578442,down,49,22.993801410891564,0.4692612532835013,11.496900705445782,0.23463062664175066,24.084622770588624
81,888,negative,-0.7108295149266863,up,49,26.317742604565577,0.5370967878482771,13.158871302282789,0.26854839392413854,25.23155284996465
81,888,negative,-0.7108295149266863,down,49,16.482832344178835,0.3363843335546701,8.241416172089417,0.16819216677733506,25.23155284996465
82,257,none,0.005022290737817127,up,49,25.83099709521253,0.5271632060247455,12.915498547606266,0.26358160301237277,24.32403935099394
82,257,none,0.005022290737817127,down,49,14.840267436664812,0.3028626007482615,7.420133718332406,0.15143130037413075,24.32403935099394
82,257,positive,0.7222879507747094,up,49,24.510104417164378,0.5002062125951914,12.255052208582189,0.2501031062975957,24.324039350993942
82,257,positive,0.7222879507747094,down,49,23.373845914669275,0.47701726356467905,11.686922957334637,0.23850863178233953,24.324039350993942
82,257,negative,-0.8700001312846057,up,49,24.990108370256472,0.5100022116378872,12.495054185128236,0.2550011058189436,24.29589040936453
82,257,negative,-0.8700001312846057,down,49,15.783393371032611,0.3221100687965839,7.8916966855163055,0.16105503439829194,24.295890409364535
83,321,none,-0.004252462469568731,up,49,24.61819770909161,0.5024121981447267,12.309098854545805,0.25120609907236335,23.294055846629025
83,321,none,-0.004252462469568731,down,49,16.63485248249971,0.33948678535713694,8.317426241249855,0.16974339267856847,23.294055846629025
83,321,positive,0.8193693219386522,up,49,23.396890423525075,0.47748755966377704,11.698445211762538,0.23874377983188852,23.294055846629025
83,321,positive,0.8193693219386522,down,49,22.653658586431597,0.46231956298839993,11.326829293215798,0.23115978149419997,23.294055846629025
83,321,negative,-0.7929078416862853,up,49,26.061104037708034,0.5318592660756741,13.030552018854017,0.26592963303783707,25.15817121840125
83,321,negative,-0.7929078416862853,down,49,16.798878166509656,0.3428342482961154,8.399439083254828,0.1714171241480577,25.158171218401257
84,999,none,0.07707989133614643,up,49,25.90645982344341,0.5287032617029267,12.953229911721705,0.26435163085146335,24.76481980145982
84,999,none,0.07707989133614643,down,49,17.031242280154558,0.3475763730643787,8.515621140077279,0.17378818653218936,24.764819801459815
84,999,positive,0.7313777878875656,up,49,24.874106213619644,0.5076348206861152,12.437053106809822,0.2538174103430576,24.76481980145982
84,999,positive,0.7313777878875656,down,49,23.99793505776162,0.48975377668901265,11.99896752888081,0.24487688834450633,24.76481980145982
84,999,negative,-0.8991209825585429,up,49,26.566867460201788,0.5421809685755467,13.283433730100894,0.2710904842877733,25.73310637836931
84,999,negative,-0.8991209825585429,down,49,16.547025210276917,0.3376943920464677,8.273512605138459,0.16884719602323384,25.733106378369314
85,937,none,0.06316339899300659,up,49,26.139068472187194,0.5334503769834121,13.069534236093597,0.26672518849170607,25.466488891677354
85,937,none,0.06316339899300659,down,49,19.61951905517568,0.4003983480648098,9.80975952758784,0.2001991740324049,25.466488891677354
85,937,positive,0.8013128828167498,up,49,25.64281629598504,0.5233227815507151,12.82140814799252,0.26166139077535755,25.466488891677354
85,937,positive,0.8013128828167498,down,49,24.567781562677716,0.5013832971975044,12.283890781338858,0.2506916485987522,25.466488891677358
85,937,negative,-0.6887260864850565,up,49,25.528157161798262,0.5209827992203727,12.764078580899131,0.26049139961018636,24.69512552159664
85,937,negative,-0.6887260864850565,down,49,16.282889290811866,0.3323038630777932,8.141444645405933,0.1661519315388966,24.69512552159664
86,57,none,0.06675919352878779,up,49,25.638813803238506,0.5232410980252756,12.819406901619253,0.2616205490126378,24.576227580772525
86,57,none,0.06675919352878779,down,49,16.584880156624962,0.338466941971938,8.292440078312481,0.169233470985969,24.57622758077252
86,57,positive,0.7476390069526474,up,49,24.71203034778737,0.5043271499548443,12.356015173893685,0.25216357497742214,24.576227580772525
86,57,positive,0.7476390069526474,down,49,23.661839007250077,0.4828946736173485,11.830919503625038,0.24144733680867425,24.576227580772528
86,57,negative,-0.7949697156210322,up,49,25.499207142588574,0.5203919825018076,12.749603571294287,0.2601959912509038,24.932767127495833
86,57,negative,-0.7949697156210322,down,49,15.888841354147468,0.3242620684519891,7.944420677073734,0.16213103422599456,24.932767127495833
87,291,none,-0.041788260509060114,up,49,25.70597949345254,0.5246118263969906,12.85298974672627,0.2623059131984953,24.696252788276
87,291,none,-0.041788260509060114,down,49,17.4673668372112,0.3564768742288,8.7336834186056,0.1782384371144,24.696252788276
87,291,positive,0.7787805567595503,up,49,24.788419172650773,0.5058861055643015,12.394209586325386,0.25294305278215073,24.696252788276002
87,291,positive,0.7787805567595503,down,49,24.032423076866397,0.4904576138135999,12.016211538433199,0.24522880690679996,24.696252788276
87,291,negative,-0.8213482451364359,up,49,25.221449319545357,0.5147234555009257,12.610724659772679,0.25736172775046284,24.3310696262671
87,291,negative,-0.8213482451364359,down,49,14.551727813542866,0.2969740370110789,7.275863906771433,0.14848701850553944,24.3310696262671
88,870,none,0.019973993979238963,up,49,27.24786551683635,0.556078888098701,13.623932758418174,0.2780394440493505,25.91651331180254
88,870,none,0.019973993979238963,down,49,19.027191262114115,0.38831002575743095,9.513595631057058,0.19415501287871548,25.916513311802543
88,870,positive,0.8012032521747405,up,49,26.050168930245345,0.531636100617252,13.025084465122672,0.265818050308626,25.916513311802547
88,870,positive,0.8012032521747405,down,49,25.152272998730517,0.5133116938516432,12.576136499365258,0.2566558469258216,25.916513311802543
88,870,negative,-0.8448759508637671,up,49,25.715510100270322,0.5248063285769453,12.857755050135161,0.26240316428847266,24.924085163402832
88,870,negative,-0.8448759508637671,down,49,16.54660767690543,0.3376858709572537,8.273303838452716,0.16884293547862686,24.924085163402832
89,119,none,-0.038184891209530884,up,49,25.721412252215003,0.524926780657449,12.860706126107502,0.2624633903287245,24.911060616094638
89,119,none,-0.038184891209530884,down,49,17.952598219946225,0.3663795555091066,8.976299109973112,0.1831897777545533,24.911060616094634
89,119,positive,0.7715619164136446,up,49,25.017236344351403,0.5105558437622735,12.508618172175701,0.25527792188113674,24.91106061609464
89,119,positive,0.7715619164136446,down,49,24.40960762268646,0.4981552576058461,12.20480381134323,0.24907762880292306,24.91106061609464
89,119,negative,-0.8095872557020897,up,49,25.43263954810001,0.5190334601653063,12.716319774050005,0.25951673008265314,24.523428754908494
89,119,negative,-0.8095872557020897,down,49,15.173281984385245,0.30965881600786216,7.586640992192622,0.15482940800393108,24.523428754908494
90,779,none,-0.009804295907520704,up,49,25.226845643088495,0.5148335845528265,12.613422821544248,0.25741679227641323,24.491356556282522
90,779,none,-0.009804295907520704,down,49,18.107201247045086,0.36953471932745074,9.053600623522543,0.18476735966372537,24.491356556282522
90,779,positive,0.8784388824592155,up,49,24.618730852202358,0.5024230786163747,12.309365426101179,0.25121153930818735,24.491356556282522
90,779,positive,0.8784388824592155,down,49,23.672639403451665,0.48311508986636054,11.836319701725833,0.24155754493318027,24.49135655628252
90,779,negative,-0.7674853112337569,up,49,26.45482486711836,0.5398943850432318,13.22741243355918,0.2699471925216159,25.554891237409432
90,779,negative,-0.7674853112337569,down,49,16.755429500733786,0.34194754083130174,8.377714750366893,0.17097377041565087,25.55489123740943
91,430,none,-0.0607849383547116,up,49,26.249233569743122,0.5356986442804719,13.124616784871561,0.26784932214023593,24.67577412298944
91,430,none,-0.0607849383547116,down,49,16.239780387626546,0.3314240895433989,8.119890193813273,0.16571204477169946,24.67577412298944
91,430,positive,0.8901979025344144,up,49,24.81655458051044,0.5064602975614376,12.40827729025522,0.2532301487807188,24.67577412298944
91,430,positive,0.8901979025344144,down,49,23.938631312269393,0.48854349616876314,11.969315656134697,0.24427174808438157,24.675774122989445
91,430,negative,-0.788394534590035,up,49,25.847865034669628,0.5275074496871353,12.923932517334814,0.2637537248435676,24.93998709529755
91,430,negative,-0.788394534590035,down,49,16.69493360790956,0.34071293077366455,8.34746680395478,0.17035646538683227,24.939987095297553
92,82,none,0.005213785955170515,up,49,26.034550335523754,0.531317353786199,13.017275167761877,0.2656586768930995,25.09279365046344
92,82,none,0.005213785955170515,down,49,19.534263416779677,0.3986584370771363,9.767131708389838,0.19932921853856814,25.092793650463438
92,82,positive,0.9025722998866869,up,49,25.227967253953583,0.5148564745704813,12.613983626976792,0.25742823728524067,25.09279365046344
92,82,positive,0.9025722998866869,down,49,24.393762012706077,0.4978318778103281,12.196881006353038,0.24891593890516406,25.092793650463438
92,82,negative,-0.806682713766556,up,49,25.491345017251593,0.5202315309643182,12.745672508625796,0.2601157654821591,24.55523245180668
92,82,negative,-0.806682713766556,down,49,15.487288662809299,0.3160671155675367,7.743644331404649,0.15803355778376835,24.555232451806678
93,91,none,0.04240517402870151,up,49,26.477076134359333,0.5403484925379456,13.238538067179666,0.2701742462689728,25.525649381927092
93,91,none,0.04240517402870151,down,49,17.999149351072475,0.36732957859331583,8.999574675536238,0.18366478929665792,25.525649381927096
93,91,positive,0.7728866419324094,up,49,25.700221388975628,0.5244943140607271,12.850110694487814,0.26224715703036355,25.5256493819271
93,91,positive,0.7728866419324094,down,49,24.442924477309877,0.4988351934144873,12.221462238654938,0.24941759670724364,25.5256493819271
93,91,negative,-0.7735009970764762,up,49,25.388345744505912,0.5181295049899166,12.694172872252956,0.2590647524949583,24.79221665189949
93,91,negative,-0.7735009970764762,down,49,16.727412253520693,0.3413757602759325,8.363706126760347,0.17068788013796626,24.792216651899494
94,896,none,-0.11982577086071515,up,49,26.431708463697817,0.5394226217081187,13.215854231848908,0.26971131085405936,25.492630433463155
94,896,none,-0.11982577086071515,down,49,18.58188566821368,0.37922215649415675,9.29094283410684,0.18961107824707837,25.492630433463155
94,896,positive,0.6372145243249682,up,49,25.621816778521964,0.522894219969836,12.810908389260982,0.261447109984918,25.492630433463155
94,896,positive,0.6372145243249682,down,49,24.923273683105563,0.5086382384307258,12.461636841552782,0.2543191192153629,25.492630433463155
94,896,negative,-0.7853954974556863,up,49,25.450047673328086,0.5193887280271038,12.725023836664043,0.2596943640135519,24.614562242813314
94,896,negative,-0.7853954974556863,down,49,14.91273107872794,0.3043414505862845,7.45636553936397,0.15217072529314224,24.614562242813314
95,398,none,0.11701708132330853,up,49,25.426886187239194,0.5189160446375346,12.713443093619597,0.2594580223187673,24.239225618432126
95,398,none,0.11701708132330853,down,49,17.212062611738972,0.3512665839130402,8.606031305869486,0.1756332919565201,24.23922561843213
95,398,positive,0.8398960600269016,up,49,24.45466788074657,0.49907485470911367,12.227333940373285,0.24953742735455683,24.23922561843213
95,398,positive,0.8398960600269016,down,49,23.155561940046006,0.4725624885723675,11.577780970023003,0.23628124428618374,24.239225618432133
95,398,negative,-0.8042367533176772,up,49,25.227924189444682,0.5148555957029527,12.613962094722341,0.25742779785147635,24.571742123390585
95,398,negative,-0.8042367533176772,down,49,16.072750897050195,0.3280153244295958,8.036375448525098,0.1640076622147979,24.571742123390585
96,611,none,0.027397305455873894,up,49,25.204780004237314,0.5143832653925983,12.602390002118657,0.25719163269629913,24.229612203418903
96,611,none,0.027397305455873894,down,49,16.497858801708794,0.3366909959532407,8.248929400854397,0.16834549797662035,24.229612203418903
96,611,positive,0.8041161893803981,up,49,24.326818615135778,0.49646568602317914,12.163409307567889,0.24823284301158957,24.229612203418906
96,611,positive,0.8041161893803981,down,49,23.295297796891028,0.47541424075287814,11.647648898445514,0.23770712037643907,24.229612203418906
96,611,negative,-0.8004808807930176,up,49,25.192366755774934,0.5141299337913252,12.596183377887467,0.2570649668956626,24.613403918037662
96,611,negative,-0.8004808807930176,down,49,16.40400667141882,0.3347756463554861,8.20200333570941,0.16738782317774306,24.61340391803766
97,565,none,0.14940818042704881,up,49,26.03446056213497,0.5313155216762239,13.017230281067485,0.26565776083811193,24.9048639852975
97,565,none,0.14940818042704881,down,49,16.73163982424094,0.34146203722940693,8.36581991212047,0.17073101861470347,24.9048639852975
97,565,positive,0.7781797916889912,up,49,25.069289188297724,0.5116181466999535,12.534644594148862,0.25580907334997677,24.904863985297503
97,565,positive,0.7781797916889912,down,49,24.029279871705103,0.4903934667694919,12.014639935852552,0.24519673338474596,24.9048639852975
97,565,negative,-0.7260213122051523,up,49,25.438128836769636,0.5191454864646864,12.719064418384818,0.2595727432323432,24.35790156312784
97,565,negative,-0.7260213122051523,down,49,15.178234248563765,0.3097598826237503,7.5891171242818825,0.15487994131187516,24.357901563127836
98,908,none,0.062090094134239014,up,49,28.436079175720778,0.5803281464432812,14.218039587860389,0.2901640732216406,27.335213585732216
98,908,none,0.062090094134239014,down,49,19.83794930766128,0.40485610831961794,9.91897465383064,0.20242805415980897,27.335213585732216
98,908,positive,0.8937034562619226,up,49,27.46395047916748,0.5604887852891323,13.73197523958374,0.28024439264456613,27.335213585732216
98,908,positive,0.8937034562619226,down,49,26.463804464379532,0.5400776421301945,13.231902232189766,0.27003882106509725,27.33521358573222
98,908,negative,-0.7910410782691439,up,49,25.476603592363467,0.5199306855584381,12.738301796181734,0.25996534277921907,24.636130479020604
98,908,negative,-0.7910410782691439,down,49,16.344448364947034,0.33356017071320476,8.172224182473517,0.16678008535660238,24.636130479020604
99,633,none,-0.004252619109069676,up,49,25.799617273170668,0.5265228014932789,12.899808636585334,0.26326140074663945,24.445776479680443
99,633,none,-0.004252619109069676,down,49,16.255548663106453,0.33174589108380514,8.127774331553226,0.16587294554190257,24.445776479680443
99,633,positive,0.8485948919129003,up,49,24.559889358124703,0.5012222317984634,12.279944679062352,0.2506111158992317,24.445776479680447
99,633,positive,0.8485948919129003,down,49,23.66954586275677,0.48305195638279125,11.834772931378385,0.24152597819139562,24.445776479680443
99,633,negative,-0.7449315704860493,up,49,25.585946577031297,0.522162175041455,12.792973288515649,0.2610810875207275,24.79205643963511
99,633,negative,-0.7449315704860493,down,49,15.165338390911561,0.309496701855338,7.5826691954557806,0.154748350927669,24.792056439635115
